5784497,src/assets/img-heros/hero-conferencias.png
5623289,src/assets/img-heros/img-hero-cursos/mini-lifting-USA.png
5573463,src/assets/img-heros/Hero Home.png
5527746,src/assets/img-heros/img-hero-cursos/mini-lifting-MX.png
5379273,src/assets/img-congreso/turismo-1.jpg
5288557,src/assets/img-heros/img-hero-cursos/master-class-col.png
5197325,src/assets/img-heros/img-hero-cursos/suero-col.png
5141445,src/assets/img-heros/hero-formacion-en-linea.png
5069194,src/assets/img-heros/img-hero-cursos/flebotomia-USA.png
5031000,src/assets/img-heros/img-hero-cursos/mini-lifting-Col.png
5015544,src/assets/img-heros/contactanos.png
4941776,src/assets/img-heros/hero-directores.png
4812599,src/assets/img-heros/img-hero-cursos/master-class-USA.png
4798423,src/assets/img-heros/img-hero-cursos/suero-USA.png
4732182,src/assets/img-heros/img-hero-cursos/suero-MX.png
4716654,src/assets/img-heros/hero-conocenos.png
4514127,src/assets/img-heros/img-hero-cursos/master-class-MX.png
4484624,src/assets/img-heros/hero-programas-academico.png
2783935,src/assets/img-heros/img-hero-cursos/mini-lifting-Col - copia.png
2502540,src/assets/logos-cursos/formacion en linea curso 2.png
2469013,src/assets/img-heros/3 puntos colombia.png
2360190,src/assets/img-heros/masterclass-usa.png
2339827,src/assets/img-heros/mini lifting colombia.png
2127904,src/assets/img-heros/suero mexico .png
1970866,src/assets/logos-cursos/formacion en linea curso 1.png
1856363,src/assets/logos-cursos/formacion en linea curso 4.png
1841712,src/assets/img-congreso/turismo-3.jpg
1838957,src/assets/logos-cursos/formacion en linea curso 5.png
1681880,src/assets/logo-sello-traslucido.png
1604312,src/assets/logo-sello-blanco.png
1525249,src/assets/logos-cursos/formacion en linea curso 3.png
1155142,src/assets/img-ponentes/DR ramos-movil.png
1139098,src/assets/img-ponentes/DR ramos.png
1124716,src/assets/img-ponentes/Dr gener.png
1124060,src/assets/img-ponentes/Dr gener-movil.png
1112083,src/assets/img-ponentes/DR carolina.png
1111731,src/assets/img-ponentes/DR carolina-movil.png
1054404,src/assets/img-ponentes/Dr Alejandro Bravo.png
1002928,src/assets/img-ponentes/DR juan herrera.png
1002475,src/assets/img-congreso/turismo-2.jpg
1002472,src/assets/img-ponentes/DR juan herrera-movil.png
1000411,src/assets/img-ponentes/DR aldo.png
999841,src/assets/img-ponentes/DR aldo-movil.png
990689,src/assets/img-ponentes/DR bravo.png
990171,src/assets/img-ponentes/DR bravo-movil.png
857151,src/assets/img-ponentes/Directora-movil.png
840394,src/assets/img-ponentes/Directora.png
818030,src/assets/img-ponentes/Dr Alejandro Bravo-movil.png
530282,src/assets/logo-sello-blanco2.png
524644,src/assets/logos-cursos/curso-colombia-1.4.png
501957,src/assets/logo-sello-blanco3.png
301390,src/assets/logos-marcas/image-20250917-225606.png
248850,public/testimonios-inicio/testimonio-3.png
227885,src/assets/Inicio-banner.jpg
206872,src/assets/logos-cursos/curso-colombia-1.5.png
206473,src/assets/logo-sello-verde.png
191001,src/assets/img-heros/Hero Home3.jpg
190486,src/assets/logos-cursos/curso-colombia-1.6.png
180592,public/testimonios-inicio/testimonio-4.png
180504,src/assets/logo-sello-negro.png
123326,src/assets/img-congreso/salon-1.webp
122955,public/testimonios-inicio/testimonio-10.png
117280,public/testimonios-inicio/testimonio-9.png
117127,public/testimonios-inicio/testimonio-8.png
113513,public/testimonios-inicio/testimonio-5.png
110751,public/testimonios-inicio/testimonio-7.png
108997,public/testimonios-inicio/testimonio-11.png
107562,public/testimonios-inicio/testimonio-6.png
105716,public/testimonios-inicio/testimonio-2.png
96687,src/assets/img-comentarios/comentario-1.jpeg
92733,src/assets/logos-marcas/logo-marca-1.png
88895,src/assets/img-congreso/salon-2.jpg
88433,public/testimonios-inicio/testimonio-1.png
86397,src/assets/logos-marcas/image-20250917-225836.png
85993,src/assets/img-comentarios/comentario-3.jpeg
65760,src/assets/Logo-USA-Verde.png
63744,src/assets/Logo-USA-gris.png
63290,src/assets/logos-marcas/image-20250918-000534.png
63198,src/assets/Logo-USA-Blanco.png
61537,src/assets/img-heros/Sueroterapia1.jpeg
56157,src/assets/logos-marcas/logos 2.png
53924,src/assets/logos-cursos/curso-colombia-1.2.webp
52029,src/assets/Logo-USA-Negro.png
51953,src/assets/img-comentarios/comentario-2.jpeg
31062,src/assets/logos-cursos/curso-colombia-1.1.webp
28100,src/assets/logos-cursos/curso-colombia-1.3.webp
27940,src/assets/logos-marcas/logo-marca-2.png
26363,src/assets/logos-marcas/image-20250917-225738.png
21554,src/assets/logos-marcas/image-20250917-235949.png
17167,src/assets/logos-marcas/image-20250917-224335.png
15469,src/assets/logos-marcas/image-20250917-225915.png
11119,src/assets/logos-marcas/image-20250917-225655.png
